valid,tmpf,dwpf,relh,sknt,skyc1,skyl1,feel
2018-01-01,6,3,5,13,0,1,3
2018-01-02,10,6,8,13,0,2,1
2018-01-03,1,2,0,1,4,8,13
2018-01-04,5,2,11,10,4,0,13
2018-01-05,12,3,7,12,0,5,13
2018-01-06,6,6,4,8,0,1,3
2018-01-07,1,0,10,13,7,10,9
2018-01-08,10,7,10,8,4,10,13
2018-01-09,11,0,10,13,2,10,9
2018-01-10,10,0,10,8,7,4,1
2018-01-11,10,0,10,8,2,10,1
2018-01-12,10,11,10,8,12,4,1
2018-01-13,5,0,10,10,5,10,13
2018-01-14,5,2,6,3,5,5,6
2018-01-15,6,6,6,14,2,4,13
2018-01-16,10,9,6,13,8,11,1
2018-01-17,4,6,1,10,0,7,5
2018-01-18,10,12,12,3,4,12,1
2018-01-19,1,8,14,1,0,8,13
2018-01-20,4,0,9,10,0,2,5
2018-01-21,4,0,9,12,8,6,1
2018-01-22,5,2,11,7,8,8,13
2018-01-23,5,3,8,10,8,4,6
2018-01-24,7,12,1,2,8,0,7
2018-01-25,7,8,1,3,1,2,7
2018-01-26,12,14,1,4,1,8,6
2018-01-27,5,3,8,11,8,1,6
2018-01-28,12,3,8,4,1,2,3
2018-01-29,6,3,0,8,0,2,3
2018-01-30,6,3,4,8,0,2,3
2018-01-31,6,6,0,8,0,8,3
2018-02-01,1,6,4,13,0,4,3
2018-02-02,11,0,6,0,8,5,9
2018-02-03,4,11,9,11,5,4,5
2018-02-04,4,9,9,4,0,11,5
2018-02-05,10,2,6,7,1,11,13
2018-02-06,1,2,8,13,0,1,13
2018-02-07,11,0,9,8,5,8,9
2018-02-08,4,9,3,14,4,5,5
2018-02-09,10,6,8,8,1,1,1
2018-02-10,11,0,6,10,1,0,9
2018-02-11,10,2,6,10,1,11,1
2018-02-12,10,3,8,8,1,12,13
2018-02-13,11,6,8,10,0,2,9
2018-02-14,10,2,11,6,7,8,13
2018-02-15,12,6,10,8,0,0,3
2018-02-16,5,6,6,11,13,5,13
2018-02-17,10,6,8,12,12,2,13
2018-02-18,6,6,4,13,0,2,3
2018-02-19,5,9,6,14,4,0,13
2018-02-20,5,6,10,12,0,0,13
2018-02-21,1,0,10,8,1,10,13
2018-02-22,10,0,4,13,8,10,1
2018-02-23,1,0,10,14,3,5,13
2018-02-24,10,9,0,12,10,6,1
2018-02-25,5,9,6,13,12,12,13
2018-02-26,10,9,4,12,8,5,1
2018-02-27,11,6,0,5,8,2,9
2018-02-28,10,2,5,6,1,5,1
2018-03-01,6,3,8,13,8,4,3
2018-03-02,11,0,9,1,1,5,5
2018-03-03,9,9,5,14,8,1,14
2018-03-04,9,0,8,13,0,2,5
2018-03-05,9,7,10,1,7,10,5
2018-03-06,14,0,1,10,4,5,2
2018-03-07,14,9,2,6,0,1,2
2018-03-08,4,2,2,4,1,3,5
2018-03-09,10,3,7,8,13,6,1
2018-03-10,11,6,5,8,6,13,9
2018-03-11,11,6,0,13,6,13,9
2018-03-12,11,7,4,14,12,14,14
2018-03-13,9,9,11,10,1,5,14
2018-03-14,9,2,2,10,1,6,5
2018-03-15,4,2,1,6,1,14,5
2018-03-16,9,6,8,1,0,1,5
2018-03-17,8,11,11,1,0,1,14
2018-03-18,9,9,8,1,0,1,5
2018-03-19,4,0,8,7,0,2,5
2018-03-20,9,6,1,12,1,6,5
2018-03-21,11,0,9,7,1,14,9
2018-03-22,9,7,4,1,0,4,5
2018-03-23,4,2,1,4,8,2,5
2018-03-24,10,6,5,1,9,8,1
2018-03-25,9,6,1,14,8,2,14
2018-03-26,4,9,1,6,0,2,5
2018-03-27,9,6,1,1,0,11,14
2018-03-28,10,9,8,14,8,4,1
2018-03-29,1,2,0,12,0,5,13
2018-03-30,11,6,5,1,0,4,9
2018-03-31,9,0,9,14,1,8,14
2018-04-01,9,9,13,4,0,2,14
2018-04-02,9,6,7,13,1,8,1
2018-04-03,11,2,5,13,0,1,9
2018-04-04,11,3,13,8,0,1,9
2018-04-05,9,6,13,13,0,1,14
2018-04-06,9,0,9,1,0,8,5
2018-04-07,4,9,2,14,1,8,5
2018-04-08,14,2,14,11,0,1,2
2018-04-09,9,6,7,12,0,4,5
2018-04-10,11,6,5,13,0,5,9
2018-04-11,9,0,8,8,0,9,14
2018-04-12,9,0,0,13,0,9,14
2018-04-13,8,0,0,13,0,9,14
2018-04-14,8,0,5,1,9,9,4
2018-04-15,14,7,6,1,9,9,2
2018-04-16,9,11,8,1,9,9,5
2018-04-17,9,7,0,13,0,12,14
2018-04-18,8,9,11,1,0,1,14
2018-04-19,14,6,14,4,0,1,2
2018-04-20,8,0,13,0,0,1,4
2018-04-21,9,2,13,4,8,11,14
2018-04-22,8,3,13,13,0,9,14
2018-04-23,9,6,5,13,0,9,14
2018-04-24,0,6,3,8,0,9,4
2018-04-25,0,9,13,8,0,9,4
2018-04-26,0,0,3,13,0,1,4
2018-04-27,0,0,13,1,0,8,4
2018-04-28,0,0,7,7,0,1,4
2018-04-29,8,7,8,1,0,11,4
2018-04-30,0,7,11,7,1,9,10
2018-05-01,0,11,13,1,0,1,10
2018-05-02,0,7,7,13,0,1,4
2018-05-03,0,1,0,1,0,1,4
2018-05-04,0,1,5,13,0,11,10
2018-05-05,0,5,0,1,1,4,10
2018-05-06,14,1,4,13,0,4,2
2018-05-07,8,5,4,1,4,8,2
2018-05-08,8,1,0,8,1,4,4
2018-05-09,0,1,0,1,0,5,4
2018-05-10,8,11,0,13,1,8,4
2018-05-11,8,7,4,1,0,9,4
2018-05-12,14,9,13,7,8,1,2
2018-05-13,8,7,5,13,0,1,4
2018-05-14,0,5,11,1,0,1,10
2018-05-15,0,1,0,1,0,3,10
2018-05-16,0,13,0,13,0,12,4
2018-05-17,2,5,3,13,8,5,10
2018-05-18,2,7,13,13,1,3,10
2018-05-19,0,1,7,13,0,1,10
2018-05-20,0,13,4,7,1,8,10
2018-05-21,2,5,1,11,0,1,11
2018-05-22,2,7,1,7,0,1,10
2018-05-23,8,1,8,1,1,1,4
2018-05-24,0,1,6,8,14,1,4
2018-05-25,2,5,2,0,8,1,11
2018-05-26,2,1,13,9,1,8,11
2018-05-27,2,1,1,3,8,1,11
2018-05-28,2,9,2,11,1,1,11
2018-05-29,2,0,14,11,0,11,11
2018-05-30,2,11,2,7,0,12,11
2018-05-31,2,9,12,4,0,5,11
2018-06-01,13,6,12,7,0,1,8
2018-06-02,13,0,14,4,0,2,11
2018-06-03,2,7,7,13,1,8,11
2018-06-04,13,11,2,13,0,1,8
2018-06-05,13,7,2,1,0,1,8
2018-06-06,13,1,7,1,0,1,8
2018-06-07,13,10,5,13,0,11,8
2018-06-08,13,1,3,13,0,1,8
2018-06-09,13,5,2,1,0,1,8
2018-06-10,13,10,7,13,13,6,8
2018-06-11,13,5,2,0,12,7,0
2018-06-12,13,9,12,7,0,14,11
2018-06-13,13,7,2,13,0,1,8
2018-06-14,3,1,2,1,0,1,0
2018-06-15,13,10,7,7,0,4,11
2018-06-16,2,4,4,13,3,5,11
2018-06-17,0,4,4,8,4,12,10
2018-06-18,0,4,0,13,1,8,10
2018-06-19,13,5,3,7,8,8,8
2018-06-20,13,11,12,4,3,6,0
2018-06-21,13,1,7,7,4,14,11
2018-06-22,13,13,3,1,0,1,8
2018-06-23,2,10,8,13,8,8,11
2018-06-24,2,13,6,7,3,2,10
2018-06-25,2,1,1,0,1,2,11
2018-06-26,2,10,6,10,3,0,10
2018-06-27,2,4,8,12,2,8,11
2018-06-28,2,5,1,14,0,8,11
2018-06-29,2,11,2,7,0,1,11
2018-06-30,13,1,13,1,0,8,11
2018-07-01,13,10,5,13,0,4,8
2018-07-02,13,13,3,1,0,5,8
2018-07-03,13,1,13,1,0,1,8
2018-07-04,3,13,13,1,0,1,12
2018-07-05,13,13,13,7,1,1,12
2018-07-06,3,4,7,13,0,1,12
2018-07-07,13,13,3,1,0,1,8
2018-07-08,13,4,8,1,8,8,8
2018-07-09,2,4,0,13,14,4,8
2018-07-10,2,4,6,13,8,8,11
2018-07-11,13,13,5,13,8,1,11
2018-07-12,13,13,5,7,0,1,8
2018-07-13,3,1,13,7,0,11,12
2018-07-14,13,13,1,7,1,9,0
2018-07-15,13,1,14,1,1,3,0
2018-07-16,3,5,2,13,0,4,8
2018-07-17,3,1,2,7,0,5,12
2018-07-18,3,13,7,1,1,11,0
2018-07-19,3,1,14,12,3,13,0
2018-07-20,13,10,7,1,8,14,0
2018-07-21,3,13,3,13,0,11,8
2018-07-22,3,5,2,1,0,9,12
2018-07-23,3,7,12,7,1,12,12
2018-07-24,13,4,8,1,8,5,0
2018-07-25,13,4,0,13,3,8,8
2018-07-26,2,4,4,8,2,8,11
2018-07-27,13,4,0,13,0,11,8
2018-07-28,13,4,6,13,1,12,8
2018-07-29,13,4,6,13,1,11,8
2018-07-30,13,4,11,1,14,9,8
2018-07-31,13,4,8,1,1,2,0
2018-08-01,13,4,0,1,8,8,8
2018-08-02,3,4,11,0,1,8,12
2018-08-03,3,13,13,11,0,1,0
2018-08-04,3,13,2,11,0,4,0
2018-08-05,3,5,2,4,0,0,0
2018-08-06,3,11,12,4,0,5,0
2018-08-07,3,7,12,7,1,1,0
2018-08-08,3,1,14,0,0,1,12
2018-08-09,3,13,2,9,0,1,0
2018-08-10,13,10,1,9,0,11,0
2018-08-11,13,13,13,9,0,7,0
2018-08-12,13,5,2,11,0,12,0
2018-08-13,13,5,2,4,0,1,0
2018-08-14,13,5,2,7,0,1,11
2018-08-15,13,1,13,7,0,11,8
2018-08-16,13,1,13,1,1,12,8
2018-08-17,13,10,13,13,0,8,8
2018-08-18,3,5,12,7,0,1,12
2018-08-19,3,1,14,9,0,1,0
2018-08-20,3,5,2,3,0,1,0
2018-08-21,13,5,2,4,0,1,0
2018-08-22,13,1,14,4,0,1,0
2018-08-23,13,5,2,7,0,1,0
2018-08-24,13,10,7,7,0,1,0
2018-08-25,13,4,0,13,0,1,8
2018-08-26,13,4,5,13,0,8,8
2018-08-27,13,4,8,7,1,4,0
2018-08-28,13,13,1,10,0,0,0
2018-08-29,3,5,2,3,0,1,0
2018-08-30,3,11,12,4,0,4,0
2018-08-31,3,7,12,7,0,5,0
2018-09-01,3,11,12,7,0,1,0
2018-09-02,3,0,12,7,0,1,12
2018-09-03,3,1,14,1,0,1,0
2018-09-04,13,13,5,13,0,1,8
2018-09-05,13,10,7,13,1,1,11
2018-09-06,2,10,5,13,0,1,8
2018-09-07,13,4,8,13,1,11,11
2018-09-08,2,4,8,8,3,8,11
2018-09-09,2,13,0,1,0,8,11
2018-09-10,2,1,5,1,1,1,10
2018-09-11,2,1,5,1,1,1,10
2018-09-12,2,1,13,0,0,8,10
2018-09-13,2,5,8,6,8,1,11
2018-09-14,0,10,5,8,1,11,10
2018-09-15,2,5,5,13,1,9,10
2018-09-16,2,5,3,10,1,2,8
2018-09-17,13,1,1,11,0,8,0
2018-09-18,2,5,2,9,0,1,11
2018-09-19,2,5,1,11,0,1,11
2018-09-20,2,5,2,11,1,11,11
2018-09-21,2,5,1,4,0,9,11
2018-09-22,0,1,8,1,0,1,10
2018-09-23,0,5,5,1,0,1,10
2018-09-24,0,1,5,1,0,1,10
2018-09-25,14,11,11,5,8,4,2
2018-09-26,14,6,14,2,3,5,2
2018-09-27,14,7,1,2,4,4,2
2018-09-28,14,1,9,9,0,0,2
2018-09-29,14,10,9,4,8,10,2
2018-09-30,14,13,10,6,14,10,2
2018-10-01,14,5,9,13,8,0,2
2018-10-02,0,1,8,13,0,0,10
2018-10-03,0,10,4,13,8,5,10
2018-10-04,0,13,6,7,4,8,10
2018-10-05,14,11,13,11,0,1,2
2018-10-06,14,7,1,4,0,1,2
2018-10-07,8,7,8,12,0,1,2
2018-10-08,8,7,6,1,0,8,4
2018-10-09,14,11,1,4,8,1,2
2018-10-10,14,11,1,9,0,1,2
2018-10-11,14,7,7,11,0,4,2
2018-10-12,14,1,6,10,3,0,2
2018-10-13,14,5,6,11,4,0,2
2018-10-14,14,1,9,11,8,0,2
2018-10-15,14,5,9,6,1,5,2
2018-10-16,14,11,6,12,8,8,2
2018-10-17,14,7,8,7,0,1,2
2018-10-18,14,1,9,12,1,8,2
2018-10-19,8,1,4,1,0,1,14
2018-10-20,8,1,4,14,0,5,4
2018-10-21,14,5,6,14,0,1,2
2018-10-22,14,1,9,11,1,2,2
2018-10-23,14,5,9,10,3,8,2
2018-10-24,14,5,4,6,4,1,2
2018-10-25,4,2,13,7,1,1,1
2018-10-26,11,6,5,8,0,1,9
2018-10-27,8,7,8,13,0,8,4
2018-10-28,14,5,4,1,4,2,2
2018-10-29,8,1,4,13,1,8,4
2018-10-30,8,10,10,1,3,4,2
2018-10-31,14,13,10,8,4,0,2
2018-11-01,8,13,4,1,1,10,2
2018-11-02,8,5,6,14,0,2,4
2018-11-03,8,7,6,0,0,8,14
2018-11-04,4,0,8,4,4,8,5
2018-11-05,9,7,6,0,0,1,14
2018-11-06,14,11,6,11,0,1,2
2018-11-07,4,11,8,4,5,1,5
2018-11-08,9,0,4,14,2,11,14
2018-11-09,4,0,6,0,4,12,5
2018-11-10,4,0,8,12,0,8,5
2018-11-11,11,0,4,1,1,1,9
2018-11-12,9,0,6,7,1,1,5
2018-11-13,4,9,1,5,3,11,5
2018-11-14,4,6,8,0,7,2,5
2018-11-15,4,9,1,10,4,4,5
2018-11-16,10,2,1,11,5,5,1
2018-11-17,10,0,9,11,7,4,1
2018-11-18,4,7,10,6,5,0,5
2018-11-19,4,5,10,8,3,10,5
2018-11-20,9,1,10,8,4,10,14
2018-11-21,8,5,11,13,4,5,2
2018-11-22,4,0,9,14,3,4,5
2018-11-23,10,9,6,12,5,0,1
2018-11-24,10,6,8,12,4,8,13
2018-11-25,11,7,10,10,8,4,9
2018-11-26,14,1,9,3,1,0,2
2018-11-27,14,5,10,4,3,8,2
2018-11-28,9,11,4,10,2,8,5
2018-11-29,5,2,9,2,3,10,6
2018-11-30,5,2,6,3,4,10,6
2018-12-01,5,3,8,8,5,5,13
2018-12-02,5,2,9,12,6,11,13
2018-12-03,12,3,9,13,4,9,3
2018-12-04,6,6,6,13,3,11,9
2018-12-05,10,6,8,12,7,12,1
2018-12-06,5,2,9,6,3,0,6
2018-12-07,12,14,8,6,1,2,6
2018-12-08,6,3,4,13,0,8,3
2018-12-09,9,9,11,14,0,1,5
2018-12-10,10,2,1,12,8,1,1
2018-12-11,12,3,8,8,1,1,3
2018-12-12,12,14,8,8,0,11,6
2018-12-13,7,6,10,13,10,12,6
2018-12-14,11,0,10,8,2,0,9
2018-12-15,9,0,4,13,8,5,5
2018-12-16,10,0,10,12,8,5,1
2018-12-17,5,6,4,8,12,1,13
2018-12-18,5,9,10,10,1,10,13
2018-12-19,5,2,9,6,1,10,6
2018-12-20,12,2,9,13,8,5,6
2018-12-21,12,2,4,8,0,4,3
2018-12-22,11,6,6,13,0,5,9
2018-12-23,1,2,8,8,0,1,13
2018-12-24,11,6,6,14,0,2,9
2018-12-25,10,2,9,10,8,4,6
2018-12-26,7,14,11,6,3,11,7
2018-12-27,5,3,1,14,4,12,6
2018-12-28,12,14,8,13,14,5,6
2018-12-29,6,3,11,1,3,1,3
2018-12-30,5,3,8,12,4,12,13
2018-12-31,5,6,9,10,8,10,6
2019-01-01,5,2,6,2,0,10,6
2019-01-02,12,14,8,6,4,8,6
2019-01-03,7,14,6,13,12,0,7
2019-01-04,7,3,9,13,5,8,6
2019-01-05,7,12,11,14,0,1,7
2019-01-06,7,8,2,14,0,1,7
2019-01-07,7,8,8,6,3,4,7
2019-01-08,7,12,4,12,4,5,7
2019-01-09,6,3,4,0,8,4,3
2019-01-10,4,9,6,9,8,5,5
2019-01-11,10,6,9,12,8,4,1
2019-01-12,5,2,6,14,13,5,6
2019-01-13,5,3,8,12,7,1,6
2019-01-14,5,2,4,13,2,11,13
2019-01-15,12,12,5,9,4,2,7
2019-01-16,7,8,7,6,0,5,7
2019-01-17,6,3,5,8,0,1,3
2019-01-18,1,3,0,13,0,8,13
2019-01-19,6,6,4,13,3,9,3
2019-01-20,1,6,4,1,4,4,13
2019-01-21,1,6,10,8,8,4,3
2019-01-22,11,0,10,10,0,0,9
2019-01-23,4,9,4,0,1,0,1
2019-01-24,10,9,6,10,1,4,9
2019-01-25,10,9,9,11,1,10,1
2019-01-26,10,2,9,6,8,5,1
2019-01-27,12,2,4,8,1,1,13
2019-01-28,11,6,6,10,5,2,9
2019-01-29,4,9,8,11,4,4,5
2019-01-30,10,6,9,12,8,5,1
2019-01-31,5,2,11,0,0,12,13
2019-02-01,10,2,8,6,0,1,1
2019-02-02,11,0,4,1,1,4,9
2019-02-03,9,7,4,1,0,2,5
2019-02-04,4,7,10,14,0,10,5
2019-02-05,4,11,10,9,1,10,5
2019-02-06,5,9,10,14,0,10,13
2019-02-07,5,2,6,3,3,10,6
2019-02-08,5,2,6,6,3,5,6
2019-02-09,12,3,9,13,0,8,6
2019-02-10,6,3,4,8,0,8,3
2019-02-11,11,0,6,10,0,1,9
2019-02-12,10,9,6,3,14,5,1
2019-02-13,7,2,9,5,0,10,7
2019-02-14,5,14,11,2,5,5,7
2019-02-15,12,3,8,9,4,4,6
2019-02-16,5,14,6,9,11,5,7
2019-02-17,12,14,8,6,7,11,6
2019-02-18,6,3,0,13,0,9,3
2019-02-19,6,3,4,8,0,1,3
2019-02-20,6,6,4,8,0,2,3
2019-02-21,6,2,0,1,0,8,3
2019-02-22,6,6,4,14,4,4,3
2019-02-23,12,2,10,5,1,10,7
2019-02-24,7,14,6,2,0,10,7
2019-02-25,7,14,9,2,0,10,7
2019-02-26,5,14,1,6,0,5,3
2019-02-27,5,3,7,0,13,11,6
2019-02-28,6,3,5,12,12,9,3
2019-03-01,11,6,5,13,0,1,9
2019-03-02,11,6,8,14,5,1,9
2019-03-03,10,2,8,6,4,1,1
2019-03-04,12,3,0,8,1,11,13
2019-03-05,11,6,0,1,0,9,9
2019-03-06,9,9,8,13,0,9,5
2019-03-07,11,6,0,13,0,1,9
2019-03-08,9,9,5,13,0,8,9
2019-03-09,9,6,13,1,0,11,14
2019-03-10,8,2,2,13,0,9,14
2019-03-11,8,6,14,10,0,9,2
2019-03-12,4,0,9,4,4,4,5
2019-03-13,5,2,6,3,1,5,6
2019-03-14,6,6,4,13,8,4,13
2019-03-15,12,2,10,12,1,5,13
2019-03-16,11,3,5,1,0,1,9
2019-03-17,11,6,5,13,0,1,9
2019-03-18,11,0,0,13,0,1,9
2019-03-19,11,0,4,13,0,1,9
2019-03-20,11,0,6,14,0,8,9
2019-03-21,4,2,1,9,4,8,5
2019-03-22,10,2,1,11,0,1,1
2019-03-23,4,2,1,9,0,11,5
2019-03-24,10,2,2,3,0,9,1
2019-03-25,1,3,7,1,0,1,9
2019-03-26,11,6,0,13,0,2,9
2019-03-27,11,6,6,7,0,1,9
2019-03-28,10,2,1,5,5,8,1
2019-03-29,5,14,1,2,10,11,3
2019-03-30,5,14,1,2,4,9,3
2019-03-31,10,3,13,3,1,9,13
2019-04-01,11,2,2,4,0,9,9
2019-04-02,4,3,1,11,0,9,5
2019-04-03,10,14,14,6,0,1,1
2019-04-04,1,3,8,1,0,1,13
2019-04-05,11,0,4,13,1,4,9
2019-04-06,4,11,6,4,1,10,5
2019-04-07,4,7,4,13,5,11,5
2019-04-08,4,11,6,8,0,10,5
2019-04-09,4,6,1,7,0,10,5
2019-04-10,9,9,1,10,8,5,14
2019-04-11,14,0,7,3,3,1,2
2019-04-12,4,7,9,8,0,4,5
2019-04-13,10,0,9,12,8,0,1
2019-04-14,1,0,4,8,8,0,9
2019-04-15,1,0,10,14,5,4,9
2019-04-16,10,9,0,3,1,5,1
2019-04-17,6,6,4,8,1,8,3
2019-04-18,1,6,6,1,8,8,9
2019-04-19,10,6,8,12,0,8,1
2019-04-20,10,2,6,14,8,8,13
2019-04-21,1,3,5,1,1,8,13
2019-04-22,11,2,3,8,0,11,9
2019-04-23,9,0,0,13,1,9,14
2019-04-24,9,7,4,8,0,1,5
2019-04-25,9,7,4,8,0,8,14
2019-04-26,8,7,4,8,0,1,4
2019-04-27,8,7,5,1,0,1,4
2019-04-28,8,1,4,13,0,1,4
2019-04-29,8,11,5,1,0,10,2
2019-04-30,8,0,1,14,0,5,14
2019-05-01,8,6,14,13,0,1,2
2019-05-02,9,0,5,13,1,8,14
2019-05-03,8,0,5,1,0,4,14
2019-05-04,4,7,6,13,5,8,5
2019-05-05,8,7,0,7,0,2,4
2019-05-06,8,9,11,0,0,11,14
2019-05-07,9,6,7,4,1,12,5
2019-05-08,9,9,0,8,3,8,9
2019-05-09,8,0,6,14,0,1,14
2019-05-10,8,7,7,13,0,2,2
2019-05-11,8,7,0,13,1,8,14
2019-05-12,8,7,0,13,0,1,4
2019-05-13,8,7,0,13,14,8,14
2019-05-14,8,7,6,13,4,8,14
2019-05-15,9,7,4,13,8,8,14
2019-05-16,8,0,0,1,1,8,14
2019-05-17,9,7,4,8,8,8,14
2019-05-18,0,7,11,1,0,1,4
2019-05-19,0,11,5,13,4,9,4
2019-05-20,14,10,0,13,5,11,2
2019-05-21,0,5,5,13,4,2,10
2019-05-22,0,11,5,8,0,2,4
2019-05-23,0,11,3,14,0,1,10
2019-05-24,8,7,11,13,8,1,4
2019-05-25,0,11,11,13,8,1,10
2019-05-26,0,7,5,13,0,1,4
2019-05-27,0,7,0,1,1,1,4
2019-05-28,0,1,5,1,0,1,4
2019-05-29,0,11,3,1,0,0,10
2019-05-30,2,7,13,13,0,2,10
2019-05-31,0,7,3,13,0,8,10
2019-06-01,0,1,8,12,1,8,10
2019-06-02,0,5,3,1,1,12,10
2019-06-03,2,0,2,14,0,1,10
2019-06-04,2,7,1,1,8,1,10
2019-06-05,0,7,5,1,1,1,10
2019-06-06,0,1,11,13,3,1,10
2019-06-07,0,1,5,13,4,4,10
2019-06-08,13,5,3,1,0,5,8
2019-06-09,13,1,13,0,0,1,8
2019-06-10,13,13,13,4,4,1,0
2019-06-11,2,10,8,13,8,8,11
2019-06-12,2,13,0,13,3,4,11
2019-06-13,13,13,5,1,0,8,8
2019-06-14,13,1,3,13,0,1,8
2019-06-15,3,10,13,7,1,4,0
2019-06-16,13,5,2,4,1,5,0
2019-06-17,13,5,2,1,1,8,0
2019-06-18,13,1,7,12,1,8,0
2019-06-19,2,10,8,13,1,8,11
2019-06-20,13,13,5,13,1,2,8
2019-06-21,13,13,5,13,1,8,8
2019-06-22,13,13,3,7,1,1,8
2019-06-23,3,1,2,13,0,1,12
2019-06-24,3,4,7,13,0,1,12
2019-06-25,3,13,2,5,0,1,0
2019-06-26,3,4,1,3,1,1,0
2019-06-27,3,13,2,3,4,1,0
2019-06-28,3,5,2,0,0,1,12
2019-06-29,13,13,13,11,0,1,0
2019-06-30,2,11,13,9,0,1,11
2019-07-01,13,5,2,4,0,1,11
2019-07-02,13,1,13,7,0,1,11
2019-07-03,13,7,13,13,0,1,8
2019-07-04,13,7,2,7,0,1,8
2019-07-05,3,10,14,12,0,1,0
2019-07-06,13,13,13,1,0,8,8
2019-07-07,3,1,2,13,0,8,12
2019-07-08,3,10,7,13,0,1,12
2019-07-09,3,13,3,13,0,1,12
2019-07-10,3,4,13,14,1,8,12
2019-07-11,2,13,6,7,7,8,11
2019-07-12,0,1,13,13,0,11,10
2019-07-13,2,10,7,13,1,1,11
2019-07-14,2,4,0,1,3,8,11
2019-07-15,2,13,4,13,7,1,10
2019-07-16,2,13,11,7,0,1,11
2019-07-17,2,5,3,4,4,8,11
2019-07-18,13,11,14,1,1,4,11
2019-07-19,13,11,2,7,0,2,8
2019-07-20,13,11,12,4,8,0,0
2019-07-21,3,11,12,7,0,2,0
2019-07-22,3,7,12,4,0,4,0
2019-07-23,3,11,12,4,0,5,0
2019-07-24,13,13,1,7,1,8,0
2019-07-25,13,5,2,4,0,1,0
2019-07-26,13,11,12,7,0,4,0
2019-07-27,13,7,13,7,0,5,8
2019-07-28,3,1,2,1,0,1,8
2019-07-29,3,10,13,13,0,1,12
2019-07-30,3,13,13,13,1,1,0
2019-07-31,13,13,13,7,1,2,12
2019-08-01,3,5,2,7,1,8,12
2019-08-02,3,4,7,7,0,2,12
2019-08-03,3,13,2,1,0,2,12
2019-08-04,3,10,2,0,1,8,0
2019-08-05,13,5,2,4,1,1,0
2019-08-06,13,11,2,4,0,1,8
2019-08-07,3,9,12,4,0,1,0
2019-08-08,13,1,7,7,0,1,11
2019-08-09,3,11,12,7,0,1,12
2019-08-10,3,1,12,9,0,1,12
2019-08-11,3,5,12,9,0,1,0
2019-08-12,3,1,2,9,0,1,0
2019-08-13,3,13,2,3,0,1,0
2019-08-14,13,10,7,4,0,1,0
2019-08-15,13,13,5,1,1,1,8
2019-08-16,13,4,0,1,0,4,8
2019-08-17,13,13,11,7,1,11,11
2019-08-18,2,5,3,7,0,1,8
2019-08-19,13,11,2,0,0,1,8
2019-08-20,13,11,2,11,0,2,0
2019-08-21,13,5,2,4,0,2,0
2019-08-22,3,1,12,0,0,2,12
2019-08-23,3,1,12,9,0,2,12
2019-08-24,3,10,2,11,0,2,12
2019-08-25,3,5,12,11,0,2,0
2019-08-26,3,10,14,0,0,8,12
2019-08-27,3,5,2,11,0,1,0
2019-08-28,3,7,14,11,0,2,0
2019-08-29,13,11,12,4,0,2,0
2019-08-30,13,11,2,11,0,2,0
2019-08-31,13,11,12,11,0,2,0
2019-09-01,13,11,12,4,0,8,0
2019-09-02,13,9,12,7,0,1,0
2019-09-03,13,9,12,7,0,1,0
2019-09-04,13,7,14,4,0,1,0
2019-09-05,13,13,1,4,0,1,0
2019-09-06,13,5,2,4,0,1,0
2019-09-07,2,11,2,7,0,1,11
2019-09-08,13,7,14,7,0,1,11
2019-09-09,2,5,1,7,0,1,11
2019-09-10,2,7,2,1,0,1,8
2019-09-11,13,5,1,7,0,1,0
2019-09-12,13,1,2,11,0,1,0
2019-09-13,13,5,2,9,14,8,11
2019-09-14,13,9,12,2,0,1,11
2019-09-15,13,7,14,9,0,1,11
2019-09-16,2,7,14,6,0,1,11
2019-09-17,2,7,13,8,0,1,10
2019-09-18,2,1,5,1,0,1,10
2019-09-19,0,10,4,1,0,8,10
2019-09-20,0,5,6,10,5,4,10
2019-09-21,14,9,2,3,1,1,2
2019-09-22,14,0,7,1,0,1,2
2019-09-23,0,1,5,1,0,1,4
2019-09-24,2,4,4,8,1,2,10
2019-09-25,2,13,0,13,0,4,10
2019-09-26,0,10,0,1,0,0,10
2019-09-27,0,13,4,1,1,5,10
2019-09-28,0,5,0,1,0,1,4
2019-09-29,0,1,5,1,0,1,4
2019-09-30,0,1,5,1,0,1,10
2019-10-01,2,10,5,1,0,4,10
2019-10-02,0,10,0,1,0,2,10
2019-10-03,2,4,4,1,0,10,10
2019-10-04,2,13,6,7,0,8,11
2019-10-05,2,11,3,1,1,8,10
2019-10-06,0,1,7,13,1,4,10
2019-10-07,14,10,4,10,8,10,2
2019-10-08,14,5,6,0,1,5,2
2019-10-09,14,5,4,6,1,5,2
2019-10-10,0,10,4,8,3,2,10
2019-10-11,2,4,4,1,7,4,10
2019-10-12,2,11,3,0,0,0,10
2019-10-13,0,7,8,4,0,0,2
2019-10-14,8,7,0,1,0,0,4
2019-10-15,8,1,0,1,0,0,4
2019-10-16,8,1,4,13,0,0,4
2019-10-17,8,5,4,13,8,0,4
2019-10-18,8,10,10,13,8,10,4
2019-10-19,8,10,10,8,1,10,4
2019-10-20,8,10,4,13,0,10,4
2019-10-21,0,11,11,10,0,0,4
2019-10-22,2,7,1,9,0,0,11
2019-10-23,2,9,2,6,0,5,10
2019-10-24,2,6,14,4,0,1,10
2019-10-25,8,0,1,7,0,1,4
2019-10-26,14,0,2,4,0,1,10
2019-10-27,8,7,8,12,0,1,2
2019-10-28,9,7,8,13,0,4,14
2019-10-29,9,7,4,8,0,5,14
2019-10-30,8,7,4,8,0,8,14
2019-10-31,8,1,10,14,4,0,14
2019-11-01,14,5,6,0,8,0,2
2019-11-02,9,11,4,12,0,4,5
2019-11-03,8,7,0,14,1,4,14
2019-11-04,14,13,9,4,8,0,2
2019-11-05,0,10,0,13,0,4,4
2019-11-06,14,10,4,1,0,0,2
2019-11-07,2,13,6,1,4,0,10
2019-11-08,14,5,9,1,0,10,2
2019-11-09,8,1,0,13,3,5,4
2019-11-10,14,5,9,12,0,8,2
2019-11-11,8,1,10,8,1,4,14
2019-11-12,14,10,10,8,1,10,2
2019-11-13,4,5,10,6,1,0,5
2019-11-14,9,7,4,8,1,8,14
2019-11-15,9,7,0,8,0,2,14
2019-11-16,9,7,10,13,0,0,14
2019-11-17,9,1,10,8,1,4,14
2019-11-18,8,5,4,8,1,0,14
2019-11-19,9,1,10,8,0,0,14
2019-11-20,8,1,10,13,1,0,14
2019-11-21,8,5,4,1,1,10,2
2019-11-22,9,11,0,8,0,5,5
2019-11-23,9,7,4,8,1,4,5
2019-11-24,9,1,10,14,8,0,14
2019-11-25,4,5,9,6,1,0,5
2019-11-26,4,11,10,1,8,0,5
2019-11-27,9,0,9,8,8,0,14
2019-11-28,8,7,6,14,0,2,14
2019-11-29,14,11,1,10,0,0,2
2019-11-30,14,0,8,12,0,8,2
2019-12-01,10,2,8,12,0,2,1
2019-12-02,1,6,8,13,5,2,13
2019-12-03,11,0,4,8,0,5,9
2019-12-04,4,9,6,10,0,0,5
2019-12-05,10,2,1,3,14,11,1
2019-12-06,1,6,8,13,10,2,13
2019-12-07,1,0,10,8,12,2,1
2019-12-08,1,9,0,13,0,0,13
2019-12-09,11,6,4,8,0,4,9
2019-12-10,10,7,10,8,0,10,1
2019-12-11,10,11,4,13,0,5,1
2019-12-12,10,0,10,8,4,8,1
2019-12-13,11,0,6,13,1,8,9
2019-12-14,4,0,9,7,0,8,5
2019-12-15,1,0,10,13,1,8,1
2019-12-16,11,0,4,13,0,4,9
2019-12-17,1,0,4,8,0,0,9
2019-12-18,1,0,10,8,1,0,9
2019-12-19,11,7,10,8,8,0,9
2019-12-20,9,7,10,1,1,0,5
2019-12-21,9,0,6,14,0,5,14
2019-12-22,14,7,9,4,1,4,5
2019-12-23,4,9,8,12,1,1,5
2019-12-24,10,2,1,12,0,4,1
2019-12-25,10,3,7,10,1,5,13
2019-12-26,5,2,8,6,0,8,13
2019-12-27,5,14,1,13,0,1,13
2019-12-28,12,3,7,10,0,4,6
2019-12-29,7,2,6,5,0,10,7
2019-12-30,7,3,9,2,7,10,7
2019-12-31,7,2,4,6,0,5,7
2020-01-01,6,3,11,5,13,8,3
2020-01-02,5,14,1,2,2,8,6
2020-01-03,5,12,2,3,5,2,6
2020-01-04,1,8,7,8,4,1,13
2020-01-05,12,3,4,5,8,4,6
2020-01-06,7,2,10,2,0,10,7
2020-01-07,7,14,6,11,0,10,7
2020-01-08,5,14,1,6,8,5,6
2020-01-09,12,14,1,4,14,1,6
2020-01-10,12,3,8,1,0,1,3
2020-01-11,6,3,4,8,1,8,3
2020-01-12,6,6,4,13,12,1,3
2020-01-13,12,2,4,7,8,2,13
2020-01-14,6,3,4,8,1,8,3
2020-01-15,6,2,6,0,2,2,13
2020-01-16,10,2,1,10,3,8,13
2020-01-17,5,2,8,9,14,4,6
2020-01-18,5,3,8,6,12,4,6
2020-01-19,5,2,6,14,1,0,6
2020-01-20,5,2,6,10,1,4,6
2020-01-21,12,14,1,6,14,5,6
2020-01-22,6,3,8,13,0,1,3
2020-01-23,6,14,11,0,3,1,3
2020-01-24,12,14,8,6,4,1,6
2020-01-25,6,3,4,1,0,2,3
2020-01-26,1,6,10,13,8,4,13
2020-01-27,10,9,10,1,2,5,1
2020-01-28,11,2,11,13,0,8,9
2020-01-29,4,6,1,10,0,1,5
2020-01-30,4,2,2,6,1,2,1
2020-01-31,11,3,6,14,0,4,3
2020-02-01,1,6,8,8,0,0,1
2020-02-02,1,6,4,13,0,5,3
2020-02-03,11,6,4,13,0,0,9
2020-02-04,11,0,6,10,0,8,9
2020-02-05,10,9,0,4,0,2,1
2020-02-06,7,3,10,10,1,4,7
2020-02-07,7,12,11,6,1,0,7
2020-02-08,7,14,8,6,3,8,7
2020-02-09,7,14,0,8,4,4,3
2020-02-10,11,3,11,14,0,5,9
2020-02-11,9,6,1,12,0,1,5
2020-02-12,9,0,9,8,3,2,5
2020-02-13,1,9,4,1,4,2,13
2020-02-14,11,0,10,13,1,4,9
2020-02-15,10,9,6,0,7,5,1
2020-02-16,10,2,1,3,8,11,1
2020-02-17,12,2,8,4,0,1,13
2020-02-18,6,3,0,8,0,1,3
2020-02-19,6,6,4,8,1,1,3
2020-02-20,1,9,4,14,0,4,13
2020-02-21,5,2,6,6,3,0,13
2020-02-22,5,3,9,10,1,0,6
2020-02-23,12,3,8,6,8,8,13
2020-02-24,6,3,0,1,0,2,3
2020-02-25,4,0,8,14,0,2,5
2020-02-26,9,7,4,0,0,8,5
2020-02-27,4,9,3,6,0,8,5
2020-02-28,1,3,7,14,1,4,13
2020-02-29,12,8,7,6,0,5,13
2020-03-01,6,3,5,1,0,1,3
2020-03-02,11,6,8,13,0,1,9
2020-03-03,9,11,5,4,1,4,14
2020-03-04,4,9,6,7,8,0,5
2020-03-05,1,6,0,8,8,8,13
2020-03-06,11,6,0,1,0,1,9
2020-03-07,9,0,6,7,1,2,14
2020-03-08,9,7,8,7,1,4,2
2020-03-09,10,11,10,8,8,10,1
2020-03-10,10,9,5,1,0,5,1
2020-03-11,1,6,4,13,1,2,1
2020-03-12,11,6,11,0,0,2,9
2020-03-13,9,6,7,6,0,2,5
2020-03-14,11,6,5,1,0,8,9
2020-03-15,10,0,9,5,1,4,1
2020-03-16,5,2,11,2,14,5,6
2020-03-17,12,14,8,3,1,1,3
2020-03-18,6,3,1,7,1,4,3
2020-03-19,12,14,7,4,1,5,13
2020-03-20,6,3,5,7,0,1,3
2020-03-21,11,6,5,13,0,1,9
2020-03-22,10,0,4,13,0,2,1
2020-03-23,10,11,10,8,0,10,1
2020-03-24,10,0,6,14,1,5,1
2020-03-25,5,0,9,0,13,4,13
2020-03-26,10,0,10,11,0,10,1
2020-03-27,10,9,10,6,0,10,1
2020-03-28,1,0,4,13,1,10,13
2020-03-29,1,9,10,8,8,8,13
2020-03-30,1,6,6,13,0,1,9
2020-03-31,11,6,5,7,0,1,9
2020-04-01,10,0,9,12,1,4,1
2020-04-02,10,3,7,6,1,8,1
2020-04-03,5,6,9,14,1,12,13
2020-04-04,10,0,9,4,0,10,1
2020-04-05,10,9,9,14,0,10,1
2020-04-06,5,2,6,9,14,0,13
2020-04-07,10,2,3,5,12,8,13
2020-04-08,10,14,2,2,4,2,1
2020-04-09,9,8,12,3,0,8,5
2020-04-10,9,14,14,12,0,1,14
2020-04-11,9,3,13,13,0,1,14
2020-04-12,11,6,5,7,0,1,9
2020-04-13,11,2,11,8,0,1,9
2020-04-14,8,6,13,1,0,1,14
2020-04-15,9,9,1,0,13,2,5
2020-04-16,10,2,1,3,1,4,1
2020-04-17,11,6,7,8,0,0,9
2020-04-18,11,0,0,13,0,0,9
2020-04-19,8,0,5,13,0,0,14
2020-04-20,8,7,9,8,8,4,14
2020-04-21,4,9,6,9,4,4,5
2020-04-22,10,2,11,9,0,5,1
2020-04-23,10,14,2,11,0,1,1
2020-04-24,10,3,7,4,0,4,1
2020-04-25,11,6,7,13,0,0,9
2020-04-26,9,0,5,13,0,1,14
2020-04-27,9,0,5,1,0,8,14
2020-04-28,8,0,5,13,0,8,4
2020-04-29,8,0,11,1,0,8,4
2020-04-30,14,0,13,13,8,1,2
2020-05-01,8,0,13,1,0,8,4
2020-05-02,0,0,13,1,13,2,4
2020-05-03,14,7,7,12,7,8,2
2020-05-04,9,9,13,1,4,11,2
2020-05-05,8,0,5,13,0,1,14
2020-05-06,0,0,5,1,3,8,4
2020-05-07,4,9,1,4,8,8,5
2020-05-08,9,6,7,12,0,1,14
2020-05-09,8,6,3,13,0,1,4
2020-05-10,8,0,11,13,3,11,4
2020-05-11,0,11,13,7,1,1,10
2020-05-12,0,7,5,12,0,1,10
2020-05-13,0,7,5,13,0,1,4
2020-05-14,0,11,13,13,0,1,10
2020-05-15,2,7,13,8,0,1,8
2020-05-16,13,7,13,1,0,1,8
2020-05-17,13,1,7,8,0,1,8
2020-05-18,2,1,5,1,0,1,8
2020-05-19,2,5,5,1,0,1,10
2020-05-20,2,10,5,13,0,1,10
2020-05-21,2,1,7,10,0,4,11
2020-05-22,14,9,11,4,8,5,2
2020-05-23,8,2,2,13,1,1,4
2020-05-24,8,6,7,1,0,1,4
2020-05-25,14,7,8,7,1,4,2
2020-05-26,9,5,4,1,8,0,5
2020-05-27,9,0,11,12,4,8,14
2020-05-28,4,0,8,8,1,8,5
2020-05-29,9,7,0,13,1,11,14
2020-05-30,8,11,5,13,0,4,4
2020-05-31,8,7,0,13,1,8,4
2020-06-01,8,7,0,13,1,8,2
2020-06-02,8,1,0,13,0,4,14
2020-06-03,14,5,4,13,12,8,2
2020-06-04,0,11,5,1,0,1,4
2020-06-05,0,11,5,1,0,8,10
2020-06-06,2,10,0,1,8,8,10
2020-06-07,0,5,11,13,8,8,10
2020-06-08,2,1,5,13,0,1,10
2020-06-09,2,10,5,1,0,1,10
2020-06-10,13,5,3,1,0,12,8
2020-06-11,2,9,3,1,0,5,10
2020-06-12,0,11,13,13,0,1,10
2020-06-13,2,7,13,13,0,8,10
2020-06-14,13,5,2,14,0,4,8
2020-06-15,13,1,14,1,0,5,11
2020-06-16,13,1,13,1,0,1,8
2020-06-17,13,1,13,14,8,0,11
2020-06-18,13,10,7,1,0,5,11
2020-06-19,13,5,13,13,0,1,8
2020-06-20,13,10,7,13,0,1,11
2020-06-21,2,10,5,1,1,4,10
2020-06-22,2,13,0,1,1,0,10
2020-06-23,2,13,0,13,8,8,10
2020-06-24,2,4,4,13,8,1,11
2020-06-25,13,13,11,7,0,1,8
2020-06-26,13,10,1,7,8,2,0
2020-06-27,13,5,2,4,0,10,0
2020-06-28,13,11,12,7,0,0,8
2020-06-29,13,7,13,7,0,2,8
2020-06-30,13,1,13,1,0,8,8
2020-07-01,3,10,13,7,0,2,8
2020-07-02,3,13,13,7,0,2,12
2020-07-03,13,13,13,7,0,8,8
2020-07-04,13,4,5,7,0,1,8
2020-07-05,3,4,11,7,0,1,12
2020-07-06,3,4,1,12,1,2,0
2020-07-07,13,4,6,13,8,11,0
2020-07-08,13,13,1,4,0,9,0
2020-07-09,13,13,13,11,0,4,0
2020-07-10,13,1,2,4,0,0,0
2020-07-11,13,5,1,4,0,0,11
2020-07-12,13,5,2,7,0,0,8
2020-07-13,13,1,14,0,0,0,0
2020-07-14,2,5,2,4,0,8,11
2020-07-15,2,11,7,7,0,8,11
2020-07-16,0,11,3,1,0,2,10
2020-07-17,2,1,13,7,0,8,10
2020-07-18,2,1,7,7,0,1,11
2020-07-19,13,10,1,1,0,2,8
2020-07-20,13,10,5,1,0,8,8
2020-07-21,13,5,2,7,0,1,8
2020-07-22,3,5,12,0,0,4,0
2020-07-23,3,5,12,11,0,0,0
2020-07-24,3,7,12,4,0,0,0
2020-07-25,13,1,14,7,0,5,0
2020-07-26,13,10,7,1,0,1,8
2020-07-27,13,13,13,7,1,4,8
2020-07-28,3,5,2,7,0,0,0
2020-07-29,3,5,12,4,0,2,12
2020-07-30,3,7,12,4,0,2,12
2020-07-31,3,1,14,4,0,2,12
2020-08-01,3,10,13,1,0,4,12
2020-08-02,3,13,2,7,8,2,0
2020-08-03,3,1,14,4,0,2,0
2020-08-04,13,1,2,13,0,1,8
2020-08-05,13,10,7,1,0,1,8
2020-08-06,13,4,0,13,0,2,8
2020-08-07,13,4,0,13,0,4,8
2020-08-08,13,4,8,8,8,2,0
2020-08-09,3,13,1,0,3,8,0
2020-08-10,3,5,12,4,1,1,0
2020-08-11,13,11,12,7,0,4,0
2020-08-12,3,7,12,7,0,0,12
2020-08-13,3,5,12,7,0,8,0
2020-08-14,13,5,14,7,0,1,0
2020-08-15,13,1,14,1,0,1,0
2020-08-16,13,13,2,7,0,2,0
2020-08-17,13,5,2,4,0,8,0
2020-08-18,2,10,7,1,0,1,8
2020-08-19,13,13,5,13,1,11,8
2020-08-20,13,13,5,7,0,1,11
2020-08-21,3,5,2,7,0,2,0
2020-08-22,3,11,12,7,0,2,0
2020-08-23,3,7,14,7,0,2,0
2020-08-24,3,1,2,7,0,2,0
2020-08-25,13,10,13,14,0,8,8
2020-08-26,13,13,7,7,1,1,11
2020-08-27,2,10,0,1,0,1,8
2020-08-28,13,11,3,7,0,1,8
2020-08-29,13,7,14,1,0,1,8
2020-08-30,13,10,13,13,0,1,8
2020-08-31,13,13,3,7,0,1,8
2020-09-01,13,1,13,13,0,1,8
2020-09-02,13,10,7,1,0,1,8
2020-09-03,13,4,5,13,0,4,8
2020-09-04,13,13,3,0,0,5,8
2020-09-05,13,5,2,6,1,8,11
2020-09-06,13,11,2,7,0,1,8
2020-09-07,13,1,14,7,0,1,11
2020-09-08,13,11,2,0,0,1,8
2020-09-09,3,1,14,11,0,1,0
2020-09-10,13,7,14,4,0,1,0
2020-09-11,13,1,1,0,0,1,0
2020-09-12,13,10,1,4,0,4,0
2020-09-13,13,10,1,4,1,0,0
2020-09-14,13,11,14,9,0,2,0
2020-09-15,13,5,2,11,0,8,0
2020-09-16,13,10,1,4,0,1,11
2020-09-17,2,4,8,12,3,2,11
2020-09-18,13,4,4,7,7,0,0
2020-09-19,2,13,11,0,8,0,11
2020-09-20,2,7,1,3,0,2,10
2020-09-21,2,1,1,12,1,2,11
2020-09-22,2,10,8,12,1,1,11
2020-09-23,0,10,0,13,0,8,10
2020-09-24,13,13,5,1,0,2,11
2020-09-25,13,13,5,1,0,8,11
2020-09-26,2,13,11,0,0,2,8
2020-09-27,2,1,7,12,0,2,11
2020-09-28,2,4,9,1,1,2,10
2020-09-29,13,11,3,14,0,4,11
2020-09-30,2,11,7,13,0,0,10
2020-10-01,0,11,5,13,0,5,10
2020-10-02,0,1,8,13,0,2,10
2020-10-03,0,13,5,13,0,8,10
2020-10-04,2,10,0,1,1,8,8
2020-10-05,2,4,4,8,0,0,11
2020-10-06,2,4,4,8,0,0,8
2020-10-07,13,13,5,13,8,0,8
2020-10-08,2,5,5,13,0,8,11
2020-10-09,8,11,5,13,0,1,4
2020-10-10,8,7,0,13,0,2,4
2020-10-11,0,1,0,13,0,4,4
2020-10-12,2,10,0,14,3,2,10
2020-10-13,2,5,5,7,4,0,11
2020-10-14,0,11,13,13,1,8,10
2020-10-15,8,7,0,13,0,1,4
2020-10-16,0,10,4,1,0,4,10
2020-10-17,2,13,0,8,1,11,10
2020-10-18,8,7,0,13,9,8,4
2020-10-19,14,7,1,14,8,8,2
2020-10-20,14,11,7,10,0,4,2
2020-10-21,14,7,6,11,14,5,2
2020-10-22,14,7,8,4,1,1,2
2020-10-23,8,7,0,13,0,1,4
2020-10-24,8,7,0,8,0,1,4
2020-10-25,0,7,5,13,0,1,4
2020-10-26,8,7,0,13,0,4,14
2020-10-27,8,7,0,8,0,0,14
2020-10-28,9,1,10,13,0,0,14
2020-10-29,8,5,4,13,1,5,2
2020-10-30,8,7,11,14,1,2,4
2020-10-31,8,6,7,12,1,5,2
2020-11-01,9,0,4,1,1,8,9
2020-11-02,11,0,4,8,0,1,9
2020-11-03,9,7,10,8,3,1,14
2020-11-04,8,7,6,14,4,2,14
2020-11-05,14,7,8,0,5,8,2
2020-11-06,14,11,6,9,10,2,5
2020-11-07,14,0,1,9,4,4,2
2020-11-08,14,0,8,6,7,12,2
2020-11-09,14,7,6,0,8,4,2
2020-11-10,14,7,8,0,1,0,2
2020-11-11,14,11,6,3,5,2,2
2020-11-12,4,0,8,12,14,8,5
2020-11-13,9,0,4,8,4,1,14
2020-11-14,9,9,6,1,0,2,5
2020-11-15,9,0,8,13,1,11,1
2020-11-16,1,0,4,8,0,4,9
2020-11-17,11,0,6,13,8,5,9
2020-11-18,4,0,6,0,0,2,5
2020-11-19,4,9,8,9,8,0,1
2020-11-20,4,2,11,11,3,8,5
2020-11-21,4,6,1,9,7,4,5
2020-11-22,4,9,8,11,5,2,5
2020-11-23,10,2,8,4,0,8,1
2020-11-24,11,2,11,10,8,2,9
2020-11-25,10,2,1,9,4,2,1
2020-11-26,4,2,1,3,4,1,5
2020-11-27,10,2,8,1,4,1,1
2020-11-28,6,6,0,13,0,1,3
2020-11-29,11,7,4,1,7,2,9
2020-11-30,4,11,10,13,4,0,5
2020-12-01,10,9,6,6,0,0,1
2020-12-02,10,6,9,13,0,0,1
2020-12-03,1,6,4,8,0,2,9
2020-12-04,4,7,10,13,0,10,5
2020-12-05,9,7,10,8,7,4,1
2020-12-06,9,7,10,8,3,10,14
2020-12-07,4,11,6,14,4,5,5
2020-12-08,1,9,0,13,0,4,1
2020-12-09,9,7,6,10,3,0,14
2020-12-10,4,9,9,3,8,0,5
2020-12-11,4,0,9,10,1,4,5
2020-12-12,4,11,10,6,1,0,5
2020-12-13,4,7,10,14,1,10,5
2020-12-14,10,11,10,4,0,10,1
2020-12-15,10,0,10,11,0,10,1
2020-12-16,10,0,9,7,8,0,1
2020-12-17,1,6,4,13,13,5,13
2020-12-18,10,0,10,13,0,0,1
2020-12-19,11,0,10,14,1,4,9
2020-12-20,10,9,6,14,8,0,1
2020-12-21,10,9,9,4,8,4,1
2020-12-22,10,9,9,13,1,5,1
2020-12-23,1,6,10,8,4,2,13
2020-12-24,11,0,4,13,0,2,9
2020-12-25,9,0,4,14,0,2,5
2020-12-26,9,1,10,10,3,4,14
2020-12-27,4,11,8,11,0,0,5
2020-12-28,4,9,0,6,1,11,5
2020-12-29,4,11,9,11,1,4,5
2020-12-30,4,11,6,11,8,0,5
2020-12-31,4,0,9,4,0,0,5
2021-01-01,10,2,8,8,0,2,1
2021-01-02,11,0,10,8,8,8,9
2021-01-03,4,11,10,12,1,4,5
2021-01-04,9,9,6,7,1,0,5
2021-01-05,10,2,5,13,0,2,1
2021-01-06,1,6,4,13,0,2,9
2021-01-07,11,7,10,13,0,2,5
2021-01-08,9,1,10,10,3,0,14
2021-01-09,14,5,10,6,4,0,2
2021-01-10,8,1,10,14,0,0,14
2021-01-11,14,5,6,0,0,5,2
2021-01-12,14,9,6,3,1,8,2
2021-01-13,10,2,8,13,0,2,13
2021-01-14,5,2,5,1,0,2,13
2021-01-15,5,2,8,4,0,4,6
2021-01-16,7,14,6,14,0,0,6
2021-01-17,7,8,7,12,0,0,7
2021-01-18,7,8,9,7,8,0,7
2021-01-19,7,12,11,13,0,5,7
2021-01-20,6,8,7,13,0,2,3
2021-01-21,1,3,0,1,0,2,13
2021-01-22,1,0,10,7,1,4,9
2021-01-23,4,0,6,10,8,0,5
2021-01-24,11,0,6,5,8,2,9
2021-01-25,4,9,5,3,4,5,5
2021-01-26,10,0,9,4,8,4,1
2021-01-27,12,12,2,1,4,4,6
2021-01-28,7,8,7,1,1,0,7
2021-01-29,6,3,8,14,0,2,3
2021-01-30,10,9,5,12,0,8,1
2021-01-31,11,6,6,14,1,4,9
2021-02-01,4,11,9,3,1,0,5
2021-02-02,1,0,4,13,0,0,1
2021-02-03,1,0,4,8,1,0,9
2021-02-04,1,0,4,8,0,0,9
2021-02-05,11,0,4,8,0,1,9
2021-02-06,11,0,4,13,0,2,9
2021-02-07,11,0,0,14,0,4,9
2021-02-08,4,0,1,7,1,0,5
2021-02-09,9,0,8,7,1,2,5
2021-02-10,9,0,0,12,0,8,5
2021-02-11,9,9,6,0,1,2,5
2021-02-12,10,6,8,14,8,4,1
2021-02-13,5,6,9,14,1,0,13
2021-02-14,12,2,10,11,0,0,7
2021-02-15,7,14,9,9,1,10,7
2021-02-16,7,14,10,11,8,10,7
2021-02-17,7,14,0,6,0,5,7
2021-02-18,6,14,0,8,1,2,3
2021-02-19,6,3,0,8,0,2,3
2021-02-20,6,6,6,13,1,2,3
2021-02-21,5,2,6,4,1,0,13
2021-02-22,12,3,8,1,0,4,13
2021-02-23,6,6,4,1,0,0,3
2021-02-24,11,6,5,10,0,5,9
2021-02-25,4,6,1,9,1,2,5
2021-02-26,10,2,8,4,0,2,1
2021-02-27,6,6,0,8,0,1,3
2021-02-28,6,2,6,7,8,2,3
2021-03-01,1,3,8,14,8,2,13
2021-03-02,5,2,1,4,7,0,13
2021-03-03,1,14,13,4,1,8,13
2021-03-04,1,3,8,13,0,1,9
2021-03-05,11,6,0,1,0,1,9
2021-03-06,9,9,8,13,1,2,5
2021-03-07,10,9,4,4,0,0,1
2021-03-08,1,6,4,13,1,0,9
2021-03-09,1,9,6,1,8,5,9
2021-03-10,11,6,5,1,0,1,9
2021-03-11,10,2,8,7,0,8,1
2021-03-12,12,2,0,1,4,2,13
2021-03-13,6,6,0,13,0,2,3
2021-03-14,1,0,4,8,12,8,9
2021-03-15,1,2,11,5,8,2,9
2021-03-16,10,14,2,3,0,8,1
2021-03-17,1,14,2,14,0,11,13
2021-03-18,11,3,13,1,0,2,9
2021-03-19,9,0,0,1,7,4,9
2021-03-20,10,11,10,8,14,0,1
2021-03-21,4,7,10,1,4,10,5
2021-03-22,9,9,0,7,8,10,5
2021-03-23,5,2,6,0,0,0,13
2021-03-24,12,14,0,6,0,0,3
2021-03-25,7,12,11,12,4,2,7
2021-03-26,12,8,7,13,0,2,3
2021-03-27,6,3,5,13,1,4,3
2021-03-28,6,3,0,8,0,0,3
2021-03-29,11,6,11,13,0,8,9
2021-03-30,10,2,13,7,5,1,1
2021-03-31,5,2,1,0,0,8,13
2021-04-01,12,14,8,6,1,8,13
2021-04-02,11,3,5,1,0,1,9
2021-04-03,8,0,5,1,1,3,14
2021-04-04,8,11,5,12,0,2,2
2021-04-05,4,11,9,7,14,4,5
2021-04-06,9,9,11,10,8,5,14
2021-04-07,8,6,7,6,0,2,14
2021-04-08,10,2,1,4,0,1,1
2021-04-09,12,12,13,7,0,4,13
2021-04-10,12,8,7,12,1,0,3
2021-04-11,6,3,0,13,0,8,3
2021-04-12,11,6,5,13,0,1,9
2021-04-13,11,0,0,13,0,1,9
2021-04-14,11,6,5,1,1,14,9
2021-04-15,11,0,0,13,1,2,9
2021-04-16,4,0,6,14,0,0,5
2021-04-17,4,0,8,4,7,4,5
2021-04-18,9,7,10,8,0,2,5
2021-04-19,9,9,11,14,0,0,14
2021-04-20,9,2,2,12,0,8,14
2021-04-21,9,6,13,13,1,1,14
2021-04-22,8,6,13,1,1,2,14
2021-04-23,8,0,5,14,2,8,14
2021-04-24,4,7,10,4,0,0,5
2021-04-25,4,9,11,4,0,8,5
2021-04-26,9,6,8,1,0,2,9
2021-04-27,9,0,0,1,0,8,14
2021-04-28,8,7,0,1,0,1,4
2021-04-29,8,1,4,8,0,1,14
2021-04-30,0,7,11,8,0,11,4
2021-05-01,0,7,1,8,0,1,10
2021-05-02,0,7,8,8,0,1,10
2021-05-03,0,11,13,8,0,1,10
2021-05-04,0,11,7,7,0,2,2
2021-05-05,0,0,11,13,0,8,4
2021-05-06,0,7,7,13,0,1,10
2021-05-07,0,11,3,1,0,1,4
2021-05-08,2,7,13,0,0,1,10
2021-05-09,14,9,2,9,0,1,2
2021-05-10,14,14,12,3,0,1,2
2021-05-11,8,14,12,4,0,1,2
2021-05-12,8,3,14,13,0,1,4
2021-05-13,0,0,13,1,0,1,4
2021-05-14,0,0,2,1,0,1,10
2021-05-15,8,7,7,13,0,2,2
2021-05-16,8,7,0,1,0,2,4
2021-05-17,2,9,3,0,0,2,10
2021-05-18,2,7,7,1,0,2,10
2021-05-19,0,9,3,14,0,2,10
2021-05-20,2,9,12,12,0,2,11
2021-05-21,14,6,14,6,8,8,2
2021-05-22,8,0,5,13,0,1,4
2021-05-23,0,0,3,13,0,1,4
2021-05-24,0,11,13,1,0,1,10
2021-05-25,0,7,13,7,0,1,10
2021-05-26,0,7,7,1,0,1,10
2021-05-27,0,7,5,1,0,1,4
2021-05-28,0,1,5,13,0,2,10
2021-05-29,2,5,11,13,1,11,10
2021-05-30,0,1,8,8,0,2,10
2021-05-31,8,1,4,14,0,2,4
2021-06-01,14,11,5,12,14,2,2
2021-06-02,8,7,0,1,0,2,14
2021-06-03,8,11,5,13,1,2,4
2021-06-04,8,11,11,7,0,8,4
2021-06-05,0,7,7,1,1,8,4
2021-06-06,0,7,5,1,0,2,10
2021-06-07,2,1,7,13,0,8,11
2021-06-08,2,13,5,1,1,4,11
2021-06-09,2,13,5,7,8,8,10
2021-06-10,2,5,13,1,8,8,11
2021-06-11,0,1,5,1,0,2,4
2021-06-12,0,10,4,13,1,0,4
2021-06-13,0,10,0,13,1,2,10
2021-06-14,2,1,8,13,0,4,10
2021-06-15,14,11,11,12,8,5,2
2021-06-16,0,7,7,13,1,1,10
2021-06-17,0,11,5,1,0,2,10
2021-06-18,0,1,5,13,1,2,10
2021-06-19,13,13,11,13,8,1,8
2021-06-20,13,4,8,13,1,1,8
2021-06-21,13,4,0,13,0,8,8
2021-06-22,13,4,0,13,0,0,8
2021-06-23,3,4,5,13,0,5,12
2021-06-24,3,4,5,1,0,1,12
2021-06-25,3,13,13,13,0,11,12
2021-06-26,3,13,13,13,0,12,12
2021-06-27,3,13,13,1,0,2,12
2021-06-28,13,10,13,1,0,2,12
2021-06-29,3,13,13,1,0,2,12
2021-06-30,3,13,13,1,0,2,12
2021-07-01,3,5,2,1,0,2,12
2021-07-02,3,11,14,13,0,8,12
2021-07-03,13,10,1,1,3,2,0
2021-07-04,13,13,13,13,8,2,0
2021-07-05,13,4,0,1,0,2,8
2021-07-06,13,13,3,1,1,8,8
2021-07-07,3,10,2,7,0,2,12
2021-07-08,3,13,2,0,0,2,12
2021-07-09,3,13,2,9,0,4,0
2021-07-10,3,11,12,11,0,0,0
2021-07-11,3,11,12,4,0,0,0
2021-07-12,3,11,12,7,0,2,0
2021-07-13,3,0,12,7,0,2,12
2021-07-14,3,1,14,0,0,2,12
2021-07-15,3,5,12,7,0,2,12
2021-07-16,3,1,14,7,0,2,12
2021-07-17,13,13,5,1,0,2,0
2021-07-18,13,4,0,13,0,2,8
2021-07-19,13,4,0,1,1,5,8
2021-07-20,13,4,11,1,1,0,8
2021-07-21,3,4,5,1,0,8,12
2021-07-22,3,5,14,0,0,2,0
2021-07-23,13,5,2,11,1,8,0
2021-07-24,13,11,2,4,0,4,0
2021-07-25,13,11,12,9,0,0,0
2021-07-26,3,11,12,11,0,2,0
2021-07-27,3,9,12,11,0,10,0
2021-07-28,3,11,12,3,0,10,12
2021-07-29,3,1,14,7,0,10,12
2021-07-30,3,1,12,13,0,5,12
2021-07-31,3,11,12,13,0,2,12
2021-08-01,3,1,2,1,0,4,12
2021-08-02,3,13,3,13,0,0,12
2021-08-03,3,5,12,13,0,0,12
2021-08-04,3,7,12,13,0,8,12
2021-08-05,3,1,12,13,0,8,12
2021-08-06,3,1,14,1,0,2,12
2021-08-07,3,13,1,12,0,8,0
2021-08-08,13,7,2,1,0,2,8
2021-08-09,3,1,14,13,0,2,8
2021-08-10,3,13,3,13,0,2,12
2021-08-11,3,10,14,14,5,2,12
2021-08-12,3,13,2,0,1,4,12
2021-08-13,3,10,14,11,0,0,12
2021-08-14,13,13,13,9,0,1,0
2021-08-15,13,11,2,3,0,1,0
2021-08-16,13,7,14,4,0,1,11
2021-08-17,13,1,2,13,0,1,8
2021-08-18,13,13,13,13,0,1,8
2021-08-19,13,10,1,7,0,1,8
2021-08-20,13,5,2,4,0,4,0
2021-08-21,3,11,12,11,0,1,0
2021-08-22,13,13,2,11,0,1,0
2021-08-23,3,1,14,9,0,1,0
2021-08-24,13,5,1,4,0,1,11
2021-08-25,13,10,13,1,0,1,8
2021-08-26,13,13,13,1,0,2,8
2021-08-27,3,4,5,1,0,8,12
2021-08-28,13,13,13,1,0,2,0
2021-08-29,3,13,13,1,0,2,12
2021-08-30,13,10,7,13,0,2,0
2021-08-31,13,4,5,1,0,2,8
2021-09-01,13,13,5,1,1,2,0
2021-09-02,2,13,1,7,8,8,11
2021-09-03,2,1,13,7,8,4,11
2021-09-04,2,1,1,7,0,0,11
2021-09-05,13,5,2,0,0,8,11
2021-09-06,2,1,1,9,8,11,11
2021-09-07,2,5,1,2,4,1,11
2021-09-08,2,1,8,11,14,4,10
2021-09-09,2,5,1,12,1,0,10
2021-09-10,2,1,8,13,4,8,10
2021-09-11,0,5,5,13,0,1,10
2021-09-12,2,11,2,7,8,8,10
2021-09-13,13,11,14,0,0,1,0
2021-09-14,13,11,12,4,0,2,11
2021-09-15,2,7,14,7,0,2,11
2021-09-16,0,7,13,8,0,2,10
2021-09-17,13,1,3,14,0,2,8
2021-09-18,3,11,12,1,0,2,12
2021-09-19,3,10,7,1,0,2,0
2021-09-20,3,13,3,1,0,2,12
2021-09-21,13,10,7,13,0,8,0
2021-09-22,2,13,11,14,0,8,11
2021-09-23,14,11,11,6,0,0,2
2021-09-24,8,0,7,13,0,5,4
2021-09-25,0,0,5,13,0,1,4
2021-09-26,0,11,3,1,0,1,4
2021-09-27,0,7,13,7,0,1,10
2021-09-28,2,1,1,0,0,1,10
2021-09-29,2,5,1,9,9,4,10
2021-09-30,14,11,2,9,8,0,10
2021-10-01,14,11,1,9,3,8,2
2021-10-02,14,0,1,11,4,11,2
2021-10-03,14,9,1,11,0,12,2
2021-10-04,14,9,13,4,0,2,2
2021-10-05,14,0,1,0,0,2,2
2021-10-06,14,0,1,11,0,2,2
2021-10-07,14,7,8,6,0,4,2
2021-10-08,8,10,10,8,0,10,14
2021-10-09,14,13,4,13,1,10,2
2021-10-10,14,13,4,13,4,0,2
2021-10-11,0,10,4,1,4,0,10
2021-10-12,14,11,5,1,1,8,2
2021-10-13,8,1,4,13,0,4,2
2021-10-14,14,10,10,13,1,10,2
2021-10-15,14,5,11,0,0,5,2
2021-10-16,14,7,8,6,8,8,2
2021-10-17,14,5,4,13,1,8,2
2021-10-18,14,7,9,14,3,1,2
2021-10-19,9,11,11,7,8,8,14
2021-10-20,9,0,8,12,1,2,5
2021-10-21,9,7,4,1,8,8,14
2021-10-22,0,1,6,13,0,8,4
2021-10-23,0,1,0,8,0,2,2
2021-10-24,8,5,10,10,0,4,14
2021-10-25,4,9,11,9,8,2,5
2021-10-26,4,6,1,3,0,8,5
2021-10-27,9,9,1,11,5,1,5
2021-10-28,4,0,1,9,4,1,5
2021-10-29,4,0,1,11,0,2,5
2021-10-30,14,0,8,11,8,0,5
2021-10-31,4,11,6,6,0,2,5
2021-11-01,11,0,0,8,1,8,9
2021-11-02,8,1,6,7,0,4,14
2021-11-03,8,7,8,13,1,0,2
2021-11-04,8,10,10,8,1,10,4
2021-11-05,8,10,10,8,3,10,4
2021-11-06,14,13,10,13,4,10,2
2021-11-07,9,1,4,7,3,10,14
2021-11-08,9,7,10,8,4,0,14
2021-11-09,9,7,6,5,0,10,14
2021-11-10,4,9,1,2,0,5,5
2021-11-11,4,6,1,3,4,2,5
2021-11-12,10,6,8,6,0,0,1
2021-11-13,1,6,4,8,1,4,9
2021-11-14,4,7,10,8,0,0,5
2021-11-15,4,11,6,10,7,2,5
2021-11-16,4,11,6,9,4,4,5
2021-11-17,4,9,6,6,0,0,5
2021-11-18,4,0,8,8,0,0,5
2021-11-19,10,9,9,14,1,0,1
2021-11-20,4,6,1,12,0,0,5
2021-11-21,1,6,8,12,0,0,1
2021-11-22,9,7,6,14,8,0,14
2021-11-23,14,5,10,6,8,10,2
2021-11-24,4,9,6,14,0,10,5
2021-11-25,10,6,8,12,0,0,1
2021-11-26,11,0,11,14,8,0,9
2021-11-27,14,7,9,10,1,4,2
2021-11-28,14,7,6,4,1,0,2
2021-11-29,14,9,1,9,8,8,2
2021-11-30,4,2,1,3,7,1,1
2021-12-01,11,3,13,8,0,4,9
2021-12-02,11,6,8,13,0,0,9
2021-12-03,9,7,6,0,0,0,14
2021-12-04,10,11,10,6,0,0,1
2021-12-05,1,0,4,13,8,0,9
2021-12-06,9,0,6,10,1,4,14
2021-12-07,10,9,6,12,0,0,1
2021-12-08,10,2,11,13,0,5,9
2021-12-09,9,0,6,5,3,2,14
2021-12-10,4,9,1,3,0,0,5
2021-12-11,9,0,6,5,3,4,5
2021-12-12,4,9,8,6,0,0,5
2021-12-13,10,6,8,13,13,8,1
2021-12-14,5,2,6,10,4,4,13
2021-12-15,5,2,6,6,0,0,13
2021-12-16,5,2,8,12,1,0,13
2021-12-17,5,14,1,14,0,2,13
2021-12-18,5,14,1,5,4,4,6
2021-12-19,7,12,8,3,1,0,7
2021-12-20,6,3,0,8,0,2,3
2021-12-21,5,14,11,14,14,4,6
2021-12-22,5,14,1,12,0,0,13
2021-12-23,12,14,8,12,0,0,6
2021-12-24,6,3,6,14,0,0,3
2021-12-25,10,6,8,12,0,11,1
2021-12-26,11,0,4,14,0,4,9
2021-12-27,4,11,6,0,3,0,5
2021-12-28,4,7,9,12,0,10,5
2021-12-29,10,9,10,8,8,5,1
2021-12-30,10,0,4,5,5,4,1
2021-12-31,10,9,11,3,4,5,1
